Unnamed: 0,orderDate,sales,sales_diff,lag_1,lag_2,lag_3,lag_4,lag_5,lag_6,lag_7,lag_8,lag_9,lag_10,lag_11,lag_12
13,2002-01-21,3713.699,271.991,-975.8619999999996,1723.5189999999998,2629.187,-1326.07,-5241.54,3640.321,1827.511,-7630.761,7199.387000000001,1436.632,-1088.3000000000002,-234.144
14,2002-01-22,5130.002,1416.3030000000003,271.991,-975.8619999999996,1723.5189999999998,2629.187,-1326.07,-5241.54,3640.321,1827.511,-7630.761,7199.387000000001,1436.632,-1088.3000000000002
15,2002-01-23,2266.374,-2863.6280000000006,1416.3030000000003,271.991,-975.8619999999996,1723.5189999999998,2629.187,-1326.07,-5241.54,3640.321,1827.511,-7630.761,7199.387000000001,1436.632
16,2002-01-24,463.146,-1803.228,-2863.6280000000006,1416.3030000000003,271.991,-975.8619999999996,1723.5189999999998,2629.187,-1326.07,-5241.54,3640.321,1827.511,-7630.761,7199.387000000001
17,2002-01-25,858.712,395.566,-1803.228,-2863.6280000000006,1416.3030000000003,271.991,-975.8619999999996,1723.5189999999998,2629.187,-1326.07,-5241.54,3640.321,1827.511,-7630.761
18,2002-01-26,4335.25,3476.538,395.566,-1803.228,-2863.6280000000006,1416.3030000000003,271.991,-975.8619999999996,1723.5189999999998,2629.187,-1326.07,-5241.54,3640.321,1827.511
19,2002-01-27,4331.836,-3.41399999999976,3476.538,395.566,-1803.228,-2863.6280000000006,1416.3030000000003,271.991,-975.8619999999996,1723.5189999999998,2629.187,-1326.07,-5241.54,3640.321
20,2002-01-28,5348.772,1016.9359999999996,-3.41399999999976,3476.538,395.566,-1803.228,-2863.6280000000006,1416.3030000000003,271.991,-975.8619999999996,1723.5189999999998,2629.187,-1326.07,-5241.54
21,2002-01-29,158.642,-5190.13,1016.9359999999996,-3.41399999999976,3476.538,395.566,-1803.228,-2863.6280000000006,1416.3030000000003,271.991,-975.8619999999996,1723.5189999999998,2629.187,-1326.07
22,2002-01-03,5950.7716,5792.1296,-5190.13,1016.9359999999996,-3.41399999999976,3476.538,395.566,-1803.228,-2863.6280000000006,1416.3030000000003,271.991,-975.8619999999996,1723.5189999999998,2629.187
23,2002-01-30,9258.791,3308.019400000001,5792.1296,-5190.13,1016.9359999999996,-3.41399999999976,3476.538,395.566,-1803.228,-2863.6280000000006,1416.3030000000003,271.991,-975.8619999999996,1723.5189999999998
24,2002-01-31,1991.48,-7267.3110000000015,3308.019400000001,5792.1296,-5190.13,1016.9359999999996,-3.41399999999976,3476.538,395.566,-1803.228,-2863.6280000000006,1416.3030000000003,271.991,-975.8619999999996
25,2002-01-04,1621.74,-369.74,-7267.3110000000015,3308.019400000001,5792.1296,-5190.13,1016.9359999999996,-3.41399999999976,3476.538,395.566,-1803.228,-2863.6280000000006,1416.3030000000003,271.991
26,2002-01-05,570.712,-1051.028,-369.74,-7267.3110000000015,3308.019400000001,5792.1296,-5190.13,1016.9359999999996,-3.41399999999976,3476.538,395.566,-1803.228,-2863.6280000000006,1416.3030000000003
27,2002-01-06,4472.378,3901.666,-1051.028,-369.74,-7267.3110000000015,3308.019400000001,5792.1296,-5190.13,1016.9359999999996,-3.41399999999976,3476.538,395.566,-1803.228,-2863.6280000000006
28,2002-01-07,3566.324,-906.0539999999996,3901.666,-1051.028,-369.74,-7267.3110000000015,3308.019400000001,5792.1296,-5190.13,1016.9359999999996,-3.41399999999976,3476.538,395.566,-1803.228
29,2002-01-08,2752.138,-814.1860000000001,-906.0539999999996,3901.666,-1051.028,-369.74,-7267.3110000000015,3308.019400000001,5792.1296,-5190.13,1016.9359999999996,-3.41399999999976,3476.538,395.566
30,2002-01-09,1422.1509999999998,-1329.987,-814.1860000000001,-906.0539999999996,3901.666,-1051.028,-369.74,-7267.3110000000015,3308.019400000001,5792.1296,-5190.13,1016.9359999999996,-3.41399999999976,3476.538
31,2002-10-01,1944.538,522.3870000000002,-1329.987,-814.1860000000001,-906.0539999999996,3901.666,-1051.028,-369.74,-7267.3110000000015,3308.019400000001,5792.1296,-5190.13,1016.9359999999996,-3.41399999999976
32,2002-10-10,4156.755,2212.217,522.3870000000002,-1329.987,-814.1860000000001,-906.0539999999996,3901.666,-1051.028,-369.74,-7267.3110000000015,3308.019400000001,5792.1296,-5190.13,1016.9359999999996
33,2002-10-11,2426.1235,-1730.6315,2212.217,522.3870000000002,-1329.987,-814.1860000000001,-906.0539999999996,3901.666,-1051.028,-369.74,-7267.3110000000015,3308.019400000001,5792.1296,-5190.13
34,2002-10-12,2449.288,23.16449999999986,-1730.6315,2212.217,522.3870000000002,-1329.987,-814.1860000000001,-906.0539999999996,3901.666,-1051.028,-369.74,-7267.3110000000015,3308.019400000001,5792.1296
35,2002-10-13,4234.46,1785.172,23.16449999999986,-1730.6315,2212.217,522.3870000000002,-1329.987,-814.1860000000001,-906.0539999999996,3901.666,-1051.028,-369.74,-7267.3110000000015,3308.019400000001
36,2002-10-14,7861.372,3626.912,1785.172,23.16449999999986,-1730.6315,2212.217,522.3870000000002,-1329.987,-814.1860000000001,-906.0539999999996,3901.666,-1051.028,-369.74,-7267.3110000000015
37,2002-10-15,5046.428,-2814.9440000000004,3626.912,1785.172,23.16449999999986,-1730.6315,2212.217,522.3870000000002,-1329.987,-814.1860000000001,-906.0539999999996,3901.666,-1051.028,-369.74
38,2002-10-16,1161.474,-3884.954,-2814.9440000000004,3626.912,1785.172,23.16449999999986,-1730.6315,2212.217,522.3870000000002,-1329.987,-814.1860000000001,-906.0539999999996,3901.666,-1051.028
39,2002-10-17,3167.294,2005.82,-3884.954,-2814.9440000000004,3626.912,1785.172,23.16449999999986,-1730.6315,2212.217,522.3870000000002,-1329.987,-814.1860000000001,-906.0539999999996,3901.666
40,2002-10-18,3821.33,654.0360000000001,2005.82,-3884.954,-2814.9440000000004,3626.912,1785.172,23.16449999999986,-1730.6315,2212.217,522.3870000000002,-1329.987,-814.1860000000001,-906.0539999999996
41,2002-10-19,2776.194,-1045.136,654.0360000000001,2005.82,-3884.954,-2814.9440000000004,3626.912,1785.172,23.16449999999986,-1730.6315,2212.217,522.3870000000002,-1329.987,-814.1860000000001
42,2002-10-02,20320.382,17544.188000000002,-1045.136,654.0360000000001,2005.82,-3884.954,-2814.9440000000004,3626.912,1785.172,23.16449999999986,-1730.6315,2212.217,522.3870000000002,-1329.987
43,2002-10-20,3167.364,-17153.018,17544.188000000002,-1045.136,654.0360000000001,2005.82,-3884.954,-2814.9440000000004,3626.912,1785.172,23.16449999999986,-1730.6315,2212.217,522.3870000000002
44,2002-10-21,9233.874,6066.51,-17153.018,17544.188000000002,-1045.136,654.0360000000001,2005.82,-3884.954,-2814.9440000000004,3626.912,1785.172,23.16449999999986,-1730.6315,2212.217
45,2002-10-22,427.216,-8806.658,6066.51,-17153.018,17544.188000000002,-1045.136,654.0360000000001,2005.82,-3884.954,-2814.9440000000004,3626.912,1785.172,23.16449999999986,-1730.6315
46,2002-10-23,2729.718,2302.502,-8806.658,6066.51,-17153.018,17544.188000000002,-1045.136,654.0360000000001,2005.82,-3884.954,-2814.9440000000004,3626.912,1785.172,23.16449999999986
47,2002-10-24,2253.133,-476.585,2302.502,-8806.658,6066.51,-17153.018,17544.188000000002,-1045.136,654.0360000000001,2005.82,-3884.954,-2814.9440000000004,3626.912,1785.172
48,2002-10-25,2313.254,60.121000000000095,-476.585,2302.502,-8806.658,6066.51,-17153.018,17544.188000000002,-1045.136,654.0360000000001,2005.82,-3884.954,-2814.9440000000004,3626.912
49,2002-10-26,1843.213,-470.041,60.121000000000095,-476.585,2302.502,-8806.658,6066.51,-17153.018,17544.188000000002,-1045.136,654.0360000000001,2005.82,-3884.954,-2814.9440000000004
50,2002-10-27,1001.11,-842.103,-470.041,60.121000000000095,-476.585,2302.502,-8806.658,6066.51,-17153.018,17544.188000000002,-1045.136,654.0360000000001,2005.82,-3884.954
51,2002-10-28,4514.112999999999,3513.0029999999992,-842.103,-470.041,60.121000000000095,-476.585,2302.502,-8806.658,6066.51,-17153.018,17544.188000000002,-1045.136,654.0360000000001,2005.82
52,2002-10-29,3189.206,-1324.9069999999992,3513.0029999999992,-842.103,-470.041,60.121000000000095,-476.585,2302.502,-8806.658,6066.51,-17153.018,17544.188000000002,-1045.136,654.0360000000001
53,2002-10-03,2818.597,-370.6090000000004,-1324.9069999999992,3513.0029999999992,-842.103,-470.041,60.121000000000095,-476.585,2302.502,-8806.658,6066.51,-17153.018,17544.188000000002,-1045.136
54,2002-10-30,2281.046,-537.5509999999999,-370.6090000000004,-1324.9069999999992,3513.0029999999992,-842.103,-470.041,60.121000000000095,-476.585,2302.502,-8806.658,6066.51,-17153.018,17544.188000000002
55,2002-10-31,12323.534,10042.488,-537.5509999999999,-370.6090000000004,-1324.9069999999992,3513.0029999999992,-842.103,-470.041,60.121000000000095,-476.585,2302.502,-8806.658,6066.51,-17153.018
56,2002-10-04,7147.11,-5176.424,10042.488,-537.5509999999999,-370.6090000000004,-1324.9069999999992,3513.0029999999992,-842.103,-470.041,60.121000000000095,-476.585,2302.502,-8806.658,6066.51
57,2002-10-05,1042.992,-6104.118,-5176.424,10042.488,-537.5509999999999,-370.6090000000004,-1324.9069999999992,3513.0029999999992,-842.103,-470.041,60.121000000000095,-476.585,2302.502,-8806.658
58,2002-10-06,1325.11,282.11799999999994,-6104.118,-5176.424,10042.488,-537.5509999999999,-370.6090000000004,-1324.9069999999992,3513.0029999999992,-842.103,-470.041,60.121000000000095,-476.585,2302.502
59,2002-10-07,1211.072,-114.03799999999978,282.11799999999994,-6104.118,-5176.424,10042.488,-537.5509999999999,-370.6090000000004,-1324.9069999999992,3513.0029999999992,-842.103,-470.041,60.121000000000095,-476.585
60,2002-10-08,931.048,-280.0240000000001,-114.03799999999978,282.11799999999994,-6104.118,-5176.424,10042.488,-537.5509999999999,-370.6090000000004,-1324.9069999999992,3513.0029999999992,-842.103,-470.041,60.121000000000095
61,2002-10-09,2929.815,1998.767,-280.0240000000001,-114.03799999999978,282.11799999999994,-6104.118,-5176.424,10042.488,-537.5509999999999,-370.6090000000004,-1324.9069999999992,3513.0029999999992,-842.103,-470.041
62,2002-11-01,8197.296,5267.481,1998.767,-280.0240000000001,-114.03799999999978,282.11799999999994,-6104.118,-5176.424,10042.488,-537.5509999999999,-370.6090000000004,-1324.9069999999992,3513.0029999999992,-842.103
63,2002-11-10,10262.938,2065.642,5267.481,1998.767,-280.0240000000001,-114.03799999999978,282.11799999999994,-6104.118,-5176.424,10042.488,-537.5509999999999,-370.6090000000004,-1324.9069999999992,3513.0029999999992
64,2002-11-11,13323.452,3060.513999999999,2065.642,5267.481,1998.767,-280.0240000000001,-114.03799999999978,282.11799999999994,-6104.118,-5176.424,10042.488,-537.5509999999999,-370.6090000000004,-1324.9069999999992
65,2002-11-12,6944.5792,-6378.872799999999,3060.513999999999,2065.642,5267.481,1998.767,-280.0240000000001,-114.03799999999978,282.11799999999994,-6104.118,-5176.424,10042.488,-537.5509999999999,-370.6090000000004
66,2002-11-13,5813.0512,-1131.5280000000002,-6378.872799999999,3060.513999999999,2065.642,5267.481,1998.767,-280.0240000000001,-114.03799999999978,282.11799999999994,-6104.118,-5176.424,10042.488,-537.5509999999999
67,2002-11-14,6321.502,508.4508000000005,-1131.5280000000002,-6378.872799999999,3060.513999999999,2065.642,5267.481,1998.767,-280.0240000000001,-114.03799999999978,282.11799999999994,-6104.118,-5176.424,10042.488
68,2002-11-15,4628.71,-1692.7920000000004,508.4508000000005,-1131.5280000000002,-6378.872799999999,3060.513999999999,2065.642,5267.481,1998.767,-280.0240000000001,-114.03799999999978,282.11799999999994,-6104.118,-5176.424
69,2002-11-16,5464.9825,836.2725,-1692.7920000000004,508.4508000000005,-1131.5280000000002,-6378.872799999999,3060.513999999999,2065.642,5267.481,1998.767,-280.0240000000001,-114.03799999999978,282.11799999999994,-6104.118
70,2002-11-17,15572.944,10107.9615,836.2725,-1692.7920000000004,508.4508000000005,-1131.5280000000002,-6378.872799999999,3060.513999999999,2065.642,5267.481,1998.767,-280.0240000000001,-114.03799999999978,282.11799999999994
71,2002-11-18,7365.787,-8207.157,10107.9615,836.2725,-1692.7920000000004,508.4508000000005,-1131.5280000000002,-6378.872799999999,3060.513999999999,2065.642,5267.481,1998.767,-280.0240000000001,-114.03799999999978
72,2002-11-19,8905.332,1539.545,-8207.157,10107.9615,836.2725,-1692.7920000000004,508.4508000000005,-1131.5280000000002,-6378.872799999999,3060.513999999999,2065.642,5267.481,1998.767,-280.0240000000001
73,2002-11-02,7654.921,-1250.411,1539.545,-8207.157,10107.9615,836.2725,-1692.7920000000004,508.4508000000005,-1131.5280000000002,-6378.872799999999,3060.513999999999,2065.642,5267.481,1998.767
74,2002-11-20,6839.043,-815.8780000000006,-1250.411,1539.545,-8207.157,10107.9615,836.2725,-1692.7920000000004,508.4508000000005,-1131.5280000000002,-6378.872799999999,3060.513999999999,2065.642,5267.481
75,2002-11-21,6040.0878,-798.9551999999994,-815.8780000000006,-1250.411,1539.545,-8207.157,10107.9615,836.2725,-1692.7920000000004,508.4508000000005,-1131.5280000000002,-6378.872799999999,3060.513999999999,2065.642
76,2002-11-22,2034.841,-4005.2468,-798.9551999999994,-815.8780000000006,-1250.411,1539.545,-8207.157,10107.9615,836.2725,-1692.7920000000004,508.4508000000005,-1131.5280000000002,-6378.872799999999,3060.513999999999
77,2002-11-23,4914.084,2879.243,-4005.2468,-798.9551999999994,-815.8780000000006,-1250.411,1539.545,-8207.157,10107.9615,836.2725,-1692.7920000000004,508.4508000000005,-1131.5280000000002,-6378.872799999999
78,2002-11-24,13186.166,8272.081999999999,2879.243,-4005.2468,-798.9551999999994,-815.8780000000006,-1250.411,1539.545,-8207.157,10107.9615,836.2725,-1692.7920000000004,508.4508000000005,-1131.5280000000002
79,2002-11-25,12407.366,-778.7999999999993,8272.081999999999,2879.243,-4005.2468,-798.9551999999994,-815.8780000000006,-1250.411,1539.545,-8207.157,10107.9615,836.2725,-1692.7920000000004,508.4508000000005
80,2002-11-26,11519.815,-887.5509999999995,-778.7999999999993,8272.081999999999,2879.243,-4005.2468,-798.9551999999994,-815.8780000000006,-1250.411,1539.545,-8207.157,10107.9615,836.2725,-1692.7920000000004
81,2002-11-27,4619.2125,-6900.602500000001,-887.5509999999995,-778.7999999999993,8272.081999999999,2879.243,-4005.2468,-798.9551999999994,-815.8780000000006,-1250.411,1539.545,-8207.157,10107.9615,836.2725
82,2002-11-28,7573.684,2954.471500000001,-6900.602500000001,-887.5509999999995,-778.7999999999993,8272.081999999999,2879.243,-4005.2468,-798.9551999999994,-815.8780000000006,-1250.411,1539.545,-8207.157,10107.9615
83,2002-11-29,3709.804,-3863.88,2954.471500000001,-6900.602500000001,-887.5509999999995,-778.7999999999993,8272.081999999999,2879.243,-4005.2468,-798.9551999999994,-815.8780000000006,-1250.411,1539.545,-8207.157
84,2002-11-03,9387.805,5678.001,-3863.88,2954.471500000001,-6900.602500000001,-887.5509999999995,-778.7999999999993,8272.081999999999,2879.243,-4005.2468,-798.9551999999994,-815.8780000000006,-1250.411,1539.545
85,2002-11-30,2987.693,-6400.112,5678.001,-3863.88,2954.471500000001,-6900.602500000001,-887.5509999999995,-778.7999999999993,8272.081999999999,2879.243,-4005.2468,-798.9551999999994,-815.8780000000006,-1250.411
86,2002-11-04,10582.566,7594.873,-6400.112,5678.001,-3863.88,2954.471500000001,-6900.602500000001,-887.5509999999995,-778.7999999999993,8272.081999999999,2879.243,-4005.2468,-798.9551999999994,-815.8780000000006
87,2002-11-05,6796.3368,-3786.2292000000007,7594.873,-6400.112,5678.001,-3863.88,2954.471500000001,-6900.602500000001,-887.5509999999995,-778.7999999999993,8272.081999999999,2879.243,-4005.2468,-798.9551999999994
88,2002-11-06,784.7370000000001,-6011.5998,-3786.2292000000007,7594.873,-6400.112,5678.001,-3863.88,2954.471500000001,-6900.602500000001,-887.5509999999995,-778.7999999999993,8272.081999999999,2879.243,-4005.2468
89,2002-11-07,8185.991,7401.254,-6011.5998,-3786.2292000000007,7594.873,-6400.112,5678.001,-3863.88,2954.471500000001,-6900.602500000001,-887.5509999999995,-778.7999999999993,8272.081999999999,2879.243
90,2002-11-08,13524.473,5338.482,7401.254,-6011.5998,-3786.2292000000007,7594.873,-6400.112,5678.001,-3863.88,2954.471500000001,-6900.602500000001,-887.5509999999995,-778.7999999999993,8272.081999999999
91,2002-11-09,6674.356000000001,-6850.116999999999,5338.482,7401.254,-6011.5998,-3786.2292000000007,7594.873,-6400.112,5678.001,-3863.88,2954.471500000001,-6900.602500000001,-887.5509999999995,-778.7999999999993
92,2002-12-01,20120.439,13446.083000000002,-6850.116999999999,5338.482,7401.254,-6011.5998,-3786.2292000000007,7594.873,-6400.112,5678.001,-3863.88,2954.471500000001,-6900.602500000001,-887.5509999999995
93,2002-12-10,7106.946,-13013.493000000002,13446.083000000002,-6850.116999999999,5338.482,7401.254,-6011.5998,-3786.2292000000007,7594.873,-6400.112,5678.001,-3863.88,2954.471500000001,-6900.602500000001
94,2002-12-11,7693.144,586.1980000000003,-13013.493000000002,13446.083000000002,-6850.116999999999,5338.482,7401.254,-6011.5998,-3786.2292000000007,7594.873,-6400.112,5678.001,-3863.88,2954.471500000001
95,2002-12-12,8261.3035,568.1594999999998,586.1980000000003,-13013.493000000002,13446.083000000002,-6850.116999999999,5338.482,7401.254,-6011.5998,-3786.2292000000007,7594.873,-6400.112,5678.001,-3863.88
96,2002-12-13,2510.626,-5750.6775,568.1594999999998,586.1980000000003,-13013.493000000002,13446.083000000002,-6850.116999999999,5338.482,7401.254,-6011.5998,-3786.2292000000007,7594.873,-6400.112,5678.001
97,2002-12-14,8959.056,6448.43,-5750.6775,568.1594999999998,586.1980000000003,-13013.493000000002,13446.083000000002,-6850.116999999999,5338.482,7401.254,-6011.5998,-3786.2292000000007,7594.873,-6400.112
98,2002-12-15,9396.349,437.29299999999967,6448.43,-5750.6775,568.1594999999998,586.1980000000003,-13013.493000000002,13446.083000000002,-6850.116999999999,5338.482,7401.254,-6011.5998,-3786.2292000000007,7594.873
99,2002-12-16,4699.117,-4697.232,437.29299999999967,6448.43,-5750.6775,568.1594999999998,586.1980000000003,-13013.493000000002,13446.083000000002,-6850.116999999999,5338.482,7401.254,-6011.5998,-3786.2292000000007
100,2002-12-17,14149.16,9450.043,-4697.232,437.29299999999967,6448.43,-5750.6775,568.1594999999998,586.1980000000003,-13013.493000000002,13446.083000000002,-6850.116999999999,5338.482,7401.254,-6011.5998
101,2002-12-18,7986.638,-6162.522,9450.043,-4697.232,437.29299999999967,6448.43,-5750.6775,568.1594999999998,586.1980000000003,-13013.493000000002,13446.083000000002,-6850.116999999999,5338.482,7401.254
102,2002-12-19,10372.528,2385.8900000000003,-6162.522,9450.043,-4697.232,437.29299999999967,6448.43,-5750.6775,568.1594999999998,586.1980000000003,-13013.493000000002,13446.083000000002,-6850.116999999999,5338.482
103,2002-12-02,6456.424,-3916.104,2385.8900000000003,-6162.522,9450.043,-4697.232,437.29299999999967,6448.43,-5750.6775,568.1594999999998,586.1980000000003,-13013.493000000002,13446.083000000002,-6850.116999999999
104,2002-12-20,8204.444,1748.0199999999995,-3916.104,2385.8900000000003,-6162.522,9450.043,-4697.232,437.29299999999967,6448.43,-5750.6775,568.1594999999998,586.1980000000003,-13013.493000000002,13446.083000000002
105,2002-12-21,5191.2,-3013.244,1748.0199999999995,-3916.104,2385.8900000000003,-6162.522,9450.043,-4697.232,437.29299999999967,6448.43,-5750.6775,568.1594999999998,586.1980000000003,-13013.493000000002
106,2002-12-22,2315.409,-2875.791,-3013.244,1748.0199999999995,-3916.104,2385.8900000000003,-6162.522,9450.043,-4697.232,437.29299999999967,6448.43,-5750.6775,568.1594999999998,586.1980000000003
107,2002-12-23,8102.285,5786.876,-2875.791,-3013.244,1748.0199999999995,-3916.104,2385.8900000000003,-6162.522,9450.043,-4697.232,437.29299999999967,6448.43,-5750.6775,568.1594999999998
108,2002-12-24,11373.028,3270.7430000000004,5786.876,-2875.791,-3013.244,1748.0199999999995,-3916.104,2385.8900000000003,-6162.522,9450.043,-4697.232,437.29299999999967,6448.43,-5750.6775
109,2002-12-25,14693.023,3319.994999999999,3270.7430000000004,5786.876,-2875.791,-3013.244,1748.0199999999995,-3916.104,2385.8900000000003,-6162.522,9450.043,-4697.232,437.29299999999967,6448.43
110,2002-12-26,4432.318,-10260.704999999998,3319.994999999999,3270.7430000000004,5786.876,-2875.791,-3013.244,1748.0199999999995,-3916.104,2385.8900000000003,-6162.522,9450.043,-4697.232,437.29299999999967
111,2002-12-27,9074.3252,4642.007199999999,-10260.704999999998,3319.994999999999,3270.7430000000004,5786.876,-2875.791,-3013.244,1748.0199999999995,-3916.104,2385.8900000000003,-6162.522,9450.043,-4697.232
112,2002-12-28,2761.526,-6312.7992,4642.007199999999,-10260.704999999998,3319.994999999999,3270.7430000000004,5786.876,-2875.791,-3013.244,1748.0199999999995,-3916.104,2385.8900000000003,-6162.522,9450.043
113,2002-12-29,3349.776,588.25,-6312.7992,4642.007199999999,-10260.704999999998,3319.994999999999,3270.7430000000004,5786.876,-2875.791,-3013.244,1748.0199999999995,-3916.104,2385.8900000000003,-6162.522
114,2002-12-03,7748.341,4398.5650000000005,588.25,-6312.7992,4642.007199999999,-10260.704999999998,3319.994999999999,3270.7430000000004,5786.876,-2875.791,-3013.244,1748.0199999999995,-3916.104,2385.8900000000003
115,2002-12-30,6197.765,-1550.576,4398.5650000000005,588.25,-6312.7992,4642.007199999999,-10260.704999999998,3319.994999999999,3270.7430000000004,5786.876,-2875.791,-3013.244,1748.0199999999995,-3916.104
116,2002-12-31,7366.382,1168.6169999999993,-1550.576,4398.5650000000005,588.25,-6312.7992,4642.007199999999,-10260.704999999998,3319.994999999999,3270.7430000000004,5786.876,-2875.791,-3013.244,1748.0199999999995
117,2002-12-04,6260.08,-1106.3019999999997,1168.6169999999993,-1550.576,4398.5650000000005,588.25,-6312.7992,4642.007199999999,-10260.704999999998,3319.994999999999,3270.7430000000004,5786.876,-2875.791,-3013.244
118,2002-12-05,8999.898,2739.8179999999998,-1106.3019999999997,1168.6169999999993,-1550.576,4398.5650000000005,588.25,-6312.7992,4642.007199999999,-10260.704999999998,3319.994999999999,3270.7430000000004,5786.876,-2875.791
119,2002-12-06,10892.454,1892.5560000000005,2739.8179999999998,-1106.3019999999997,1168.6169999999993,-1550.576,4398.5650000000005,588.25,-6312.7992,4642.007199999999,-10260.704999999998,3319.994999999999,3270.7430000000004,5786.876
120,2002-12-07,1886.698,-9005.756,1892.5560000000005,2739.8179999999998,-1106.3019999999997,1168.6169999999993,-1550.576,4398.5650000000005,588.25,-6312.7992,4642.007199999999,-10260.704999999998,3319.994999999999,3270.7430000000004
121,2002-12-08,8476.943,6590.244999999999,-9005.756,1892.5560000000005,2739.8179999999998,-1106.3019999999997,1168.6169999999993,-1550.576,4398.5650000000005,588.25,-6312.7992,4642.007199999999,-10260.704999999998,3319.994999999999
122,2002-12-09,3412.155,-5064.788,6590.244999999999,-9005.756,1892.5560000000005,2739.8179999999998,-1106.3019999999997,1168.6169999999993,-1550.576,4398.5650000000005,588.25,-6312.7992,4642.007199999999,-10260.704999999998
123,2002-02-01,630.87,-2781.285,-5064.788,6590.244999999999,-9005.756,1892.5560000000005,2739.8179999999998,-1106.3019999999997,1168.6169999999993,-1550.576,4398.5650000000005,588.25,-6312.7992,4642.007199999999
124,2002-02-10,304.343,-326.527,-2781.285,-5064.788,6590.244999999999,-9005.756,1892.5560000000005,2739.8179999999998,-1106.3019999999997,1168.6169999999993,-1550.576,4398.5650000000005,588.25,-6312.7992
125,2002-02-11,3354.846,3050.503,-326.527,-2781.285,-5064.788,6590.244999999999,-9005.756,1892.5560000000005,2739.8179999999998,-1106.3019999999997,1168.6169999999993,-1550.576,4398.5650000000005,588.25
126,2002-02-12,1495.608,-1859.238,3050.503,-326.527,-2781.285,-5064.788,6590.244999999999,-9005.756,1892.5560000000005,2739.8179999999998,-1106.3019999999997,1168.6169999999993,-1550.576,4398.5650000000005
127,2002-02-13,1205.25,-290.35799999999995,-1859.238,3050.503,-326.527,-2781.285,-5064.788,6590.244999999999,-9005.756,1892.5560000000005,2739.8179999999998,-1106.3019999999997,1168.6169999999993,-1550.576
128,2002-02-14,2494.609,1289.359,-290.35799999999995,-1859.238,3050.503,-326.527,-2781.285,-5064.788,6590.244999999999,-9005.756,1892.5560000000005,2739.8179999999998,-1106.3019999999997,1168.6169999999993
129,2002-02-15,2030.812,-463.797,1289.359,-290.35799999999995,-1859.238,3050.503,-326.527,-2781.285,-5064.788,6590.244999999999,-9005.756,1892.5560000000005,2739.8179999999998,-1106.3019999999997
130,2002-02-16,2642.55,611.7379999999998,-463.797,1289.359,-290.35799999999995,-1859.238,3050.503,-326.527,-2781.285,-5064.788,6590.244999999999,-9005.756,1892.5560000000005,2739.8179999999998
131,2002-02-17,3019.0254,376.47540000000026,611.7379999999998,-463.797,1289.359,-290.35799999999995,-1859.238,3050.503,-326.527,-2781.285,-5064.788,6590.244999999999,-9005.756,1892.5560000000005
132,2002-02-18,430.954,-2588.0714,376.47540000000026,611.7379999999998,-463.797,1289.359,-290.35799999999995,-1859.238,3050.503,-326.527,-2781.285,-5064.788,6590.244999999999,-9005.756
133,2002-02-19,1707.2499999999998,1276.2959999999998,-2588.0714,376.47540000000026,611.7379999999998,-463.797,1289.359,-290.35799999999995,-1859.238,3050.503,-326.527,-2781.285,-5064.788,6590.244999999999
134,2002-02-02,10121.784,8414.534,1276.2959999999998,-2588.0714,376.47540000000026,611.7379999999998,-463.797,1289.359,-290.35799999999995,-1859.238,3050.503,-326.527,-2781.285,-5064.788
135,2002-02-20,1579.156,-8542.628,8414.534,1276.2959999999998,-2588.0714,376.47540000000026,611.7379999999998,-463.797,1289.359,-290.35799999999995,-1859.238,3050.503,-326.527,-2781.285
136,2002-02-21,4171.98,2592.824,-8542.628,8414.534,1276.2959999999998,-2588.0714,376.47540000000026,611.7379999999998,-463.797,1289.359,-290.35799999999995,-1859.238,3050.503,-326.527
137,2002-02-22,1081.97,-3090.0099999999998,2592.824,-8542.628,8414.534,1276.2959999999998,-2588.0714,376.47540000000026,611.7379999999998,-463.797,1289.359,-290.35799999999995,-1859.238,3050.503
138,2002-02-23,224.516,-857.4540000000001,-3090.0099999999998,2592.824,-8542.628,8414.534,1276.2959999999998,-2588.0714,376.47540000000026,611.7379999999998,-463.797,1289.359,-290.35799999999995,-1859.238
139,2002-02-24,1504.348,1279.832,-857.4540000000001,-3090.0099999999998,2592.824,-8542.628,8414.534,1276.2959999999998,-2588.0714,376.47540000000026,611.7379999999998,-463.797,1289.359,-290.35799999999995
140,2002-02-25,503.082,-1001.266,1279.832,-857.4540000000001,-3090.0099999999998,2592.824,-8542.628,8414.534,1276.2959999999998,-2588.0714,376.47540000000026,611.7379999999998,-463.797,1289.359
141,2002-02-26,2467.51,1964.428,-1001.266,1279.832,-857.4540000000001,-3090.0099999999998,2592.824,-8542.628,8414.534,1276.2959999999998,-2588.0714,376.47540000000026,611.7379999999998,-463.797
142,2002-02-27,1422.619,-1044.8909999999998,1964.428,-1001.266,1279.832,-857.4540000000001,-3090.0099999999998,2592.824,-8542.628,8414.534,1276.2959999999998,-2588.0714,376.47540000000026,611.7379999999998
143,2002-02-28,716.468,-706.151,-1044.8909999999998,1964.428,-1001.266,1279.832,-857.4540000000001,-3090.0099999999998,2592.824,-8542.628,8414.534,1276.2959999999998,-2588.0714,376.47540000000026
144,2002-02-03,2378.675,1662.2070000000003,-706.151,-1044.8909999999998,1964.428,-1001.266,1279.832,-857.4540000000001,-3090.0099999999998,2592.824,-8542.628,8414.534,1276.2959999999998,-2588.0714
145,2002-02-04,364.922,-2013.753,1662.2070000000003,-706.151,-1044.8909999999998,1964.428,-1001.266,1279.832,-857.4540000000001,-3090.0099999999998,2592.824,-8542.628,8414.534,1276.2959999999998
146,2002-02-05,5257.488,4892.566000000001,-2013.753,1662.2070000000003,-706.151,-1044.8909999999998,1964.428,-1001.266,1279.832,-857.4540000000001,-3090.0099999999998,2592.824,-8542.628,8414.534
147,2002-02-06,3799.634,-1457.8540000000005,4892.566000000001,-2013.753,1662.2070000000003,-706.151,-1044.8909999999998,1964.428,-1001.266,1279.832,-857.4540000000001,-3090.0099999999998,2592.824,-8542.628
148,2002-02-07,1266.572,-2533.062,-1457.8540000000005,4892.566000000001,-2013.753,1662.2070000000003,-706.151,-1044.8909999999998,1964.428,-1001.266,1279.832,-857.4540000000001,-3090.0099999999998,2592.824
149,2002-02-08,1513.1280000000002,246.55600000000004,-2533.062,-1457.8540000000005,4892.566000000001,-2013.753,1662.2070000000003,-706.151,-1044.8909999999998,1964.428,-1001.266,1279.832,-857.4540000000001,-3090.0099999999998
150,2002-02-09,1681.146,168.0179999999998,246.55600000000004,-2533.062,-1457.8540000000005,4892.566000000001,-2013.753,1662.2070000000003,-706.151,-1044.8909999999998,1964.428,-1001.266,1279.832,-857.4540000000001
151,2002-03-01,10131.1314,8449.9854,168.0179999999998,246.55600000000004,-2533.062,-1457.8540000000005,4892.566000000001,-2013.753,1662.2070000000003,-706.151,-1044.8909999999998,1964.428,-1001.266,1279.832
152,2002-03-10,9965.574,-165.5573999999997,8449.9854,168.0179999999998,246.55600000000004,-2533.062,-1457.8540000000005,4892.566000000001,-2013.753,1662.2070000000003,-706.151,-1044.8909999999998,1964.428,-1001.266
153,2002-03-11,3788.044,-6177.530000000001,-165.5573999999997,8449.9854,168.0179999999998,246.55600000000004,-2533.062,-1457.8540000000005,4892.566000000001,-2013.753,1662.2070000000003,-706.151,-1044.8909999999998,1964.428
154,2002-03-12,2098.938,-1689.1059999999998,-6177.530000000001,-165.5573999999997,8449.9854,168.0179999999998,246.55600000000004,-2533.062,-1457.8540000000005,4892.566000000001,-2013.753,1662.2070000000003,-706.151,-1044.8909999999998
155,2002-03-13,15043.088,12944.15,-1689.1059999999998,-6177.530000000001,-165.5573999999997,8449.9854,168.0179999999998,246.55600000000004,-2533.062,-1457.8540000000005,4892.566000000001,-2013.753,1662.2070000000003,-706.151
156,2002-03-14,3535.434,-11507.654,12944.15,-1689.1059999999998,-6177.530000000001,-165.5573999999997,8449.9854,168.0179999999998,246.55600000000004,-2533.062,-1457.8540000000005,4892.566000000001,-2013.753,1662.2070000000003
157,2002-03-15,2193.55,-1341.8840000000005,-11507.654,12944.15,-1689.1059999999998,-6177.530000000001,-165.5573999999997,8449.9854,168.0179999999998,246.55600000000004,-2533.062,-1457.8540000000005,4892.566000000001,-2013.753
158,2002-03-16,9716.511,7522.961000000001,-1341.8840000000005,-11507.654,12944.15,-1689.1059999999998,-6177.530000000001,-165.5573999999997,8449.9854,168.0179999999998,246.55600000000004,-2533.062,-1457.8540000000005,4892.566000000001
159,2002-03-17,6912.278,-2804.233,7522.961000000001,-1341.8840000000005,-11507.654,12944.15,-1689.1059999999998,-6177.530000000001,-165.5573999999997,8449.9854,168.0179999999998,246.55600000000004,-2533.062,-1457.8540000000005
160,2002-03-18,30196.156,23283.878,-2804.233,7522.961000000001,-1341.8840000000005,-11507.654,12944.15,-1689.1059999999998,-6177.530000000001,-165.5573999999997,8449.9854,168.0179999999998,246.55600000000004,-2533.062
161,2002-03-19,8090.64,-22105.516,23283.878,-2804.233,7522.961000000001,-1341.8840000000005,-11507.654,12944.15,-1689.1059999999998,-6177.530000000001,-165.5573999999997,8449.9854,168.0179999999998,246.55600000000004
162,2002-03-02,2397.456,-5693.184,-22105.516,23283.878,-2804.233,7522.961000000001,-1341.8840000000005,-11507.654,12944.15,-1689.1059999999998,-6177.530000000001,-165.5573999999997,8449.9854,168.0179999999998
163,2002-03-20,1930.399,-467.0570000000002,-5693.184,-22105.516,23283.878,-2804.233,7522.961000000001,-1341.8840000000005,-11507.654,12944.15,-1689.1059999999998,-6177.530000000001,-165.5573999999997,8449.9854
164,2002-03-21,9358.537,7428.138000000001,-467.0570000000002,-5693.184,-22105.516,23283.878,-2804.233,7522.961000000001,-1341.8840000000005,-11507.654,12944.15,-1689.1059999999998,-6177.530000000001,-165.5573999999997
165,2002-03-22,3171.985,-6186.552,7428.138000000001,-467.0570000000002,-5693.184,-22105.516,23283.878,-2804.233,7522.961000000001,-1341.8840000000005,-11507.654,12944.15,-1689.1059999999998,-6177.530000000001
166,2002-03-23,16394.434,13222.449,-6186.552,7428.138000000001,-467.0570000000002,-5693.184,-22105.516,23283.878,-2804.233,7522.961000000001,-1341.8840000000005,-11507.654,12944.15,-1689.1059999999998
167,2002-03-24,2481.402,-13913.032,13222.449,-6186.552,7428.138000000001,-467.0570000000002,-5693.184,-22105.516,23283.878,-2804.233,7522.961000000001,-1341.8840000000005,-11507.654,12944.15
168,2002-03-25,5373.142,2891.74,-13913.032,13222.449,-6186.552,7428.138000000001,-467.0570000000002,-5693.184,-22105.516,23283.878,-2804.233,7522.961000000001,-1341.8840000000005,-11507.654
169,2002-03-26,4211.416,-1161.7259999999997,2891.74,-13913.032,13222.449,-6186.552,7428.138000000001,-467.0570000000002,-5693.184,-22105.516,23283.878,-2804.233,7522.961000000001,-1341.8840000000005
170,2002-03-27,3109.916,-1101.5,-1161.7259999999997,2891.74,-13913.032,13222.449,-6186.552,7428.138000000001,-467.0570000000002,-5693.184,-22105.516,23283.878,-2804.233,7522.961000000001
171,2002-03-28,3366.562,256.64599999999973,-1101.5,-1161.7259999999997,2891.74,-13913.032,13222.449,-6186.552,7428.138000000001,-467.0570000000002,-5693.184,-22105.516,23283.878,-2804.233
172,2002-03-29,5190.66,1824.098,256.64599999999973,-1101.5,-1161.7259999999997,2891.74,-13913.032,13222.449,-6186.552,7428.138000000001,-467.0570000000002,-5693.184,-22105.516,23283.878
173,2002-03-03,10610.418,5419.758,1824.098,256.64599999999973,-1101.5,-1161.7259999999997,2891.74,-13913.032,13222.449,-6186.552,7428.138000000001,-467.0570000000002,-5693.184,-22105.516
174,2002-03-30,2409.293,-8201.125,5419.758,1824.098,256.64599999999973,-1101.5,-1161.7259999999997,2891.74,-13913.032,13222.449,-6186.552,7428.138000000001,-467.0570000000002,-5693.184
175,2002-03-31,7782.0408,5372.747799999999,-8201.125,5419.758,1824.098,256.64599999999973,-1101.5,-1161.7259999999997,2891.74,-13913.032,13222.449,-6186.552,7428.138000000001,-467.0570000000002
176,2002-03-04,914.724,-6867.3168,5372.747799999999,-8201.125,5419.758,1824.098,256.64599999999973,-1101.5,-1161.7259999999997,2891.74,-13913.032,13222.449,-6186.552,7428.138000000001
177,2002-03-05,4077.193,3162.469,-6867.3168,5372.747799999999,-8201.125,5419.758,1824.098,256.64599999999973,-1101.5,-1161.7259999999997,2891.74,-13913.032,13222.449,-6186.552
178,2002-03-06,3144.783,-932.4100000000004,3162.469,-6867.3168,5372.747799999999,-8201.125,5419.758,1824.098,256.64599999999973,-1101.5,-1161.7259999999997,2891.74,-13913.032,13222.449
179,2002-03-07,2556.264,-588.5189999999998,-932.4100000000004,3162.469,-6867.3168,5372.747799999999,-8201.125,5419.758,1824.098,256.64599999999973,-1101.5,-1161.7259999999997,2891.74,-13913.032
180,2002-03-08,5597.206,3040.942,-588.5189999999998,-932.4100000000004,3162.469,-6867.3168,5372.747799999999,-8201.125,5419.758,1824.098,256.64599999999973,-1101.5,-1161.7259999999997,2891.74
181,2002-03-09,1824.412,-3772.794,3040.942,-588.5189999999998,-932.4100000000004,3162.469,-6867.3168,5372.747799999999,-8201.125,5419.758,1824.098,256.64599999999973,-1101.5,-1161.7259999999997
182,2002-04-01,8254.356000000002,6429.944000000001,-3772.794,3040.942,-588.5189999999998,-932.4100000000004,3162.469,-6867.3168,5372.747799999999,-8201.125,5419.758,1824.098,256.64599999999973,-1101.5
183,2002-04-10,1875.665,-6378.691000000002,6429.944000000001,-3772.794,3040.942,-588.5189999999998,-932.4100000000004,3162.469,-6867.3168,5372.747799999999,-8201.125,5419.758,1824.098,256.64599999999973
184,2002-04-11,3563.392,1687.727,-6378.691000000002,6429.944000000001,-3772.794,3040.942,-588.5189999999998,-932.4100000000004,3162.469,-6867.3168,5372.747799999999,-8201.125,5419.758,1824.098
185,2002-04-12,3484.6330000000003,-78.75899999999956,1687.727,-6378.691000000002,6429.944000000001,-3772.794,3040.942,-588.5189999999998,-932.4100000000004,3162.469,-6867.3168,5372.747799999999,-8201.125,5419.758
186,2002-04-13,5183.198,1698.565,-78.75899999999956,1687.727,-6378.691000000002,6429.944000000001,-3772.794,3040.942,-588.5189999999998,-932.4100000000004,3162.469,-6867.3168,5372.747799999999,-8201.125
187,2002-04-14,2154.71,-3028.4880000000003,1698.565,-78.75899999999956,1687.727,-6378.691000000002,6429.944000000001,-3772.794,3040.942,-588.5189999999998,-932.4100000000004,3162.469,-6867.3168,5372.747799999999
188,2002-04-15,2828.914,674.2039999999997,-3028.4880000000003,1698.565,-78.75899999999956,1687.727,-6378.691000000002,6429.944000000001,-3772.794,3040.942,-588.5189999999998,-932.4100000000004,3162.469,-6867.3168
189,2002-04-16,14480.559,11651.645,674.2039999999997,-3028.4880000000003,1698.565,-78.75899999999956,1687.727,-6378.691000000002,6429.944000000001,-3772.794,3040.942,-588.5189999999998,-932.4100000000004,3162.469
190,2002-04-17,6597.650000000001,-7882.909000000001,11651.645,674.2039999999997,-3028.4880000000003,1698.565,-78.75899999999956,1687.727,-6378.691000000002,6429.944000000001,-3772.794,3040.942,-588.5189999999998,-932.4100000000004
191,2002-04-18,5542.03,-1055.6200000000008,-7882.909000000001,11651.645,674.2039999999997,-3028.4880000000003,1698.565,-78.75899999999956,1687.727,-6378.691000000002,6429.944000000001,-3772.794,3040.942,-588.5189999999998
192,2002-04-19,1949.562,-3592.468,-1055.6200000000008,-7882.909000000001,11651.645,674.2039999999997,-3028.4880000000003,1698.565,-78.75899999999956,1687.727,-6378.691000000002,6429.944000000001,-3772.794,3040.942
193,2002-04-02,4035.648,2086.086,-3592.468,-1055.6200000000008,-7882.909000000001,11651.645,674.2039999999997,-3028.4880000000003,1698.565,-78.75899999999956,1687.727,-6378.691000000002,6429.944000000001,-3772.794
194,2002-04-20,3498.79,-536.8580000000002,2086.086,-3592.468,-1055.6200000000008,-7882.909000000001,11651.645,674.2039999999997,-3028.4880000000003,1698.565,-78.75899999999956,1687.727,-6378.691000000002,6429.944000000001
195,2002-04-21,3264.63,-234.15999999999983,-536.8580000000002,2086.086,-3592.468,-1055.6200000000008,-7882.909000000001,11651.645,674.2039999999997,-3028.4880000000003,1698.565,-78.75899999999956,1687.727,-6378.691000000002
196,2002-04-22,3123.8250000000003,-140.80499999999984,-234.15999999999983,-536.8580000000002,2086.086,-3592.468,-1055.6200000000008,-7882.909000000001,11651.645,674.2039999999997,-3028.4880000000003,1698.565,-78.75899999999956,1687.727
197,2002-04-23,2563.57,-560.2550000000001,-140.80499999999984,-234.15999999999983,-536.8580000000002,2086.086,-3592.468,-1055.6200000000008,-7882.909000000001,11651.645,674.2039999999997,-3028.4880000000003,1698.565,-78.75899999999956
198,2002-04-24,2561.648,-1.9220000000000252,-560.2550000000001,-140.80499999999984,-234.15999999999983,-536.8580000000002,2086.086,-3592.468,-1055.6200000000008,-7882.909000000001,11651.645,674.2039999999997,-3028.4880000000003,1698.565
199,2002-04-25,4087.473,1525.8249999999998,-1.9220000000000252,-560.2550000000001,-140.80499999999984,-234.15999999999983,-536.8580000000002,2086.086,-3592.468,-1055.6200000000008,-7882.909000000001,11651.645,674.2039999999997,-3028.4880000000003
200,2002-04-26,2868.9275,-1218.5454999999995,1525.8249999999998,-1.9220000000000252,-560.2550000000001,-140.80499999999984,-234.15999999999983,-536.8580000000002,2086.086,-3592.468,-1055.6200000000008,-7882.909000000001,11651.645,674.2039999999997
201,2002-04-27,3296.1656000000003,427.2381,-1218.5454999999995,1525.8249999999998,-1.9220000000000252,-560.2550000000001,-140.80499999999984,-234.15999999999983,-536.8580000000002,2086.086,-3592.468,-1055.6200000000008,-7882.909000000001,11651.645
202,2002-04-28,7904.806,4608.640399999999,427.2381,-1218.5454999999995,1525.8249999999998,-1.9220000000000252,-560.2550000000001,-140.80499999999984,-234.15999999999983,-536.8580000000002,2086.086,-3592.468,-1055.6200000000008,-7882.909000000001
203,2002-04-29,1830.072,-6074.734,4608.640399999999,427.2381,-1218.5454999999995,1525.8249999999998,-1.9220000000000252,-560.2550000000001,-140.80499999999984,-234.15999999999983,-536.8580000000002,2086.086,-3592.468,-1055.6200000000008
204,2002-04-03,473.726,-1356.346,-6074.734,4608.640399999999,427.2381,-1218.5454999999995,1525.8249999999998,-1.9220000000000252,-560.2550000000001,-140.80499999999984,-234.15999999999983,-536.8580000000002,2086.086,-3592.468
205,2002-04-30,4152.769,3679.043,-1356.346,-6074.734,4608.640399999999,427.2381,-1218.5454999999995,1525.8249999999998,-1.9220000000000252,-560.2550000000001,-140.80499999999984,-234.15999999999983,-536.8580000000002,2086.086
206,2002-04-04,3739.106,-413.66300000000047,3679.043,-1356.346,-6074.734,4608.640399999999,427.2381,-1218.5454999999995,1525.8249999999998,-1.9220000000000252,-560.2550000000001,-140.80499999999984,-234.15999999999983,-536.8580000000002
207,2002-04-05,9200.13,5461.024000000001,-413.66300000000047,3679.043,-1356.346,-6074.734,4608.640399999999,427.2381,-1218.5454999999995,1525.8249999999998,-1.9220000000000252,-560.2550000000001,-140.80499999999984,-234.15999999999983
208,2002-04-06,3199.864,-6000.266000000001,5461.024000000001,-413.66300000000047,3679.043,-1356.346,-6074.734,4608.640399999999,427.2381,-1218.5454999999995,1525.8249999999998,-1.9220000000000252,-560.2550000000001,-140.80499999999984
209,2002-04-07,5800.1985,2600.3345000000004,-6000.266000000001,5461.024000000001,-413.66300000000047,3679.043,-1356.346,-6074.734,4608.640399999999,427.2381,-1218.5454999999995,1525.8249999999998,-1.9220000000000252,-560.2550000000001
210,2002-04-08,11267.084,5466.885499999999,2600.3345000000004,-6000.266000000001,5461.024000000001,-413.66300000000047,3679.043,-1356.346,-6074.734,4608.640399999999,427.2381,-1218.5454999999995,1525.8249999999998,-1.9220000000000252
211,2002-04-09,3499.899,-7767.184999999999,5466.885499999999,2600.3345000000004,-6000.266000000001,5461.024000000001,-413.66300000000047,3679.043,-1356.346,-6074.734,4608.640399999999,427.2381,-1218.5454999999995,1525.8249999999998
212,2002-05-01,5077.176,1577.2769999999996,-7767.184999999999,5466.885499999999,2600.3345000000004,-6000.266000000001,5461.024000000001,-413.66300000000047,3679.043,-1356.346,-6074.734,4608.640399999999,427.2381,-1218.5454999999995
213,2002-05-10,3261.261,-1815.9149999999995,1577.2769999999996,-7767.184999999999,5466.885499999999,2600.3345000000004,-6000.266000000001,5461.024000000001,-413.66300000000047,3679.043,-1356.346,-6074.734,4608.640399999999,427.2381
214,2002-05-11,2290.219,-971.042,-1815.9149999999995,1577.2769999999996,-7767.184999999999,5466.885499999999,2600.3345000000004,-6000.266000000001,5461.024000000001,-413.66300000000047,3679.043,-1356.346,-6074.734,4608.640399999999
215,2002-05-12,3684.458,1394.239,-971.042,-1815.9149999999995,1577.2769999999996,-7767.184999999999,5466.885499999999,2600.3345000000004,-6000.266000000001,5461.024000000001,-413.66300000000047,3679.043,-1356.346,-6074.734
216,2002-05-13,4203.144,518.6860000000001,1394.239,-971.042,-1815.9149999999995,1577.2769999999996,-7767.184999999999,5466.885499999999,2600.3345000000004,-6000.266000000001,5461.024000000001,-413.66300000000047,3679.043,-1356.346
217,2002-05-14,8090.0715,3886.9275,518.6860000000001,1394.239,-971.042,-1815.9149999999995,1577.2769999999996,-7767.184999999999,5466.885499999999,2600.3345000000004,-6000.266000000001,5461.024000000001,-413.66300000000047,3679.043
218,2002-05-15,1140.084,-6949.9875,3886.9275,518.6860000000001,1394.239,-971.042,-1815.9149999999995,1577.2769999999996,-7767.184999999999,5466.885499999999,2600.3345000000004,-6000.266000000001,5461.024000000001,-413.66300000000047
219,2002-05-16,1646.732,506.6479999999999,-6949.9875,3886.9275,518.6860000000001,1394.239,-971.042,-1815.9149999999995,1577.2769999999996,-7767.184999999999,5466.885499999999,2600.3345000000004,-6000.266000000001,5461.024000000001
220,2002-05-17,485.97,-1160.762,506.6479999999999,-6949.9875,3886.9275,518.6860000000001,1394.239,-971.042,-1815.9149999999995,1577.2769999999996,-7767.184999999999,5466.885499999999,2600.3345000000004,-6000.266000000001
221,2002-05-18,2908.552,2422.5820000000003,-1160.762,506.6479999999999,-6949.9875,3886.9275,518.6860000000001,1394.239,-971.042,-1815.9149999999995,1577.2769999999996,-7767.184999999999,5466.885499999999,2600.3345000000004
222,2002-05-19,6592.81,3684.258,2422.5820000000003,-1160.762,506.6479999999999,-6949.9875,3886.9275,518.6860000000001,1394.239,-971.042,-1815.9149999999995,1577.2769999999996,-7767.184999999999,5466.885499999999
223,2002-05-02,1839.778,-4753.032,3684.258,2422.5820000000003,-1160.762,506.6479999999999,-6949.9875,3886.9275,518.6860000000001,1394.239,-971.042,-1815.9149999999995,1577.2769999999996,-7767.184999999999
224,2002-05-20,5959.139,4119.361,-4753.032,3684.258,2422.5820000000003,-1160.762,506.6479999999999,-6949.9875,3886.9275,518.6860000000001,1394.239,-971.042,-1815.9149999999995,1577.2769999999996
225,2002-05-21,7592.894,1633.755,4119.361,-4753.032,3684.258,2422.5820000000003,-1160.762,506.6479999999999,-6949.9875,3886.9275,518.6860000000001,1394.239,-971.042,-1815.9149999999995
226,2002-05-22,6178.79,-1414.1040000000005,1633.755,4119.361,-4753.032,3684.258,2422.5820000000003,-1160.762,506.6479999999999,-6949.9875,3886.9275,518.6860000000001,1394.239,-971.042
227,2002-05-23,12431.128,6252.338000000001,-1414.1040000000005,1633.755,4119.361,-4753.032,3684.258,2422.5820000000003,-1160.762,506.6479999999999,-6949.9875,3886.9275,518.6860000000001,1394.239
228,2002-05-24,1004.343,-11426.785,6252.338000000001,-1414.1040000000005,1633.755,4119.361,-4753.032,3684.258,2422.5820000000003,-1160.762,506.6479999999999,-6949.9875,3886.9275,518.6860000000001
229,2002-05-25,4056.954,3052.6110000000003,-11426.785,6252.338000000001,-1414.1040000000005,1633.755,4119.361,-4753.032,3684.258,2422.5820000000003,-1160.762,506.6479999999999,-6949.9875,3886.9275
230,2002-05-26,4553.878,496.9239999999995,3052.6110000000003,-11426.785,6252.338000000001,-1414.1040000000005,1633.755,4119.361,-4753.032,3684.258,2422.5820000000003,-1160.762,506.6479999999999,-6949.9875
231,2002-05-27,9547.38,4993.502,496.9239999999995,3052.6110000000003,-11426.785,6252.338000000001,-1414.1040000000005,1633.755,4119.361,-4753.032,3684.258,2422.5820000000003,-1160.762,506.6479999999999
232,2002-05-28,4633.541,-4913.838999999999,4993.502,496.9239999999995,3052.6110000000003,-11426.785,6252.338000000001,-1414.1040000000005,1633.755,4119.361,-4753.032,3684.258,2422.5820000000003,-1160.762
233,2002-05-29,2874.079,-1759.462,-4913.838999999999,4993.502,496.9239999999995,3052.6110000000003,-11426.785,6252.338000000001,-1414.1040000000005,1633.755,4119.361,-4753.032,3684.258,2422.5820000000003
234,2002-05-03,4756.751,1882.672,-1759.462,-4913.838999999999,4993.502,496.9239999999995,3052.6110000000003,-11426.785,6252.338000000001,-1414.1040000000005,1633.755,4119.361,-4753.032,3684.258
235,2002-05-30,11433.4814,6676.7304,1882.672,-1759.462,-4913.838999999999,4993.502,496.9239999999995,3052.6110000000003,-11426.785,6252.338000000001,-1414.1040000000005,1633.755,4119.361,-4753.032
236,2002-05-31,6390.697,-5042.7844000000005,6676.7304,1882.672,-1759.462,-4913.838999999999,4993.502,496.9239999999995,3052.6110000000003,-11426.785,6252.338000000001,-1414.1040000000005,1633.755,4119.361
237,2002-05-04,2455.039,-3935.658,-5042.7844000000005,6676.7304,1882.672,-1759.462,-4913.838999999999,4993.502,496.9239999999995,3052.6110000000003,-11426.785,6252.338000000001,-1414.1040000000005,1633.755
238,2002-05-05,3147.38,692.3409999999999,-3935.658,-5042.7844000000005,6676.7304,1882.672,-1759.462,-4913.838999999999,4993.502,496.9239999999995,3052.6110000000003,-11426.785,6252.338000000001,-1414.1040000000005
239,2002-05-06,3482.8178,335.4377999999997,692.3409999999999,-3935.658,-5042.7844000000005,6676.7304,1882.672,-1759.462,-4913.838999999999,4993.502,496.9239999999995,3052.6110000000003,-11426.785,6252.338000000001
240,2002-05-07,8782.416,5299.598199999999,335.4377999999997,692.3409999999999,-3935.658,-5042.7844000000005,6676.7304,1882.672,-1759.462,-4913.838999999999,4993.502,496.9239999999995,3052.6110000000003,-11426.785
241,2002-05-08,10780.736,1998.3200000000013,5299.598199999999,335.4377999999997,692.3409999999999,-3935.658,-5042.7844000000005,6676.7304,1882.672,-1759.462,-4913.838999999999,4993.502,496.9239999999995,3052.6110000000003
242,2002-05-09,2805.024,-7975.712000000001,1998.3200000000013,5299.598199999999,335.4377999999997,692.3409999999999,-3935.658,-5042.7844000000005,6676.7304,1882.672,-1759.462,-4913.838999999999,4993.502,496.9239999999995
243,2002-06-01,6608.76,3803.736,-7975.712000000001,1998.3200000000013,5299.598199999999,335.4377999999997,692.3409999999999,-3935.658,-5042.7844000000005,6676.7304,1882.672,-1759.462,-4913.838999999999,4993.502
244,2002-06-10,4417.289,-2191.4710000000005,3803.736,-7975.712000000001,1998.3200000000013,5299.598199999999,335.4377999999997,692.3409999999999,-3935.658,-5042.7844000000005,6676.7304,1882.672,-1759.462,-4913.838999999999
245,2002-06-11,6577.874,2160.585,-2191.4710000000005,3803.736,-7975.712000000001,1998.3200000000013,5299.598199999999,335.4377999999997,692.3409999999999,-3935.658,-5042.7844000000005,6676.7304,1882.672,-1759.462
246,2002-06-12,4817.0070000000005,-1760.8669999999993,2160.585,-2191.4710000000005,3803.736,-7975.712000000001,1998.3200000000013,5299.598199999999,335.4377999999997,692.3409999999999,-3935.658,-5042.7844000000005,6676.7304,1882.672
247,2002-06-13,2729.874,-2087.1330000000007,-1760.8669999999993,2160.585,-2191.4710000000005,3803.736,-7975.712000000001,1998.3200000000013,5299.598199999999,335.4377999999997,692.3409999999999,-3935.658,-5042.7844000000005,6676.7304
248,2002-06-14,3721.111,991.237,-2087.1330000000007,-1760.8669999999993,2160.585,-2191.4710000000005,3803.736,-7975.712000000001,1998.3200000000013,5299.598199999999,335.4377999999997,692.3409999999999,-3935.658,-5042.7844000000005
249,2002-06-15,5908.116,2187.005,991.237,-2087.1330000000007,-1760.8669999999993,2160.585,-2191.4710000000005,3803.736,-7975.712000000001,1998.3200000000013,5299.598199999999,335.4377999999997,692.3409999999999,-3935.658
250,2002-06-16,7079.165,1171.049,2187.005,991.237,-2087.1330000000007,-1760.8669999999993,2160.585,-2191.4710000000005,3803.736,-7975.712000000001,1998.3200000000013,5299.598199999999,335.4377999999997,692.3409999999999
251,2002-06-17,10254.078,3174.913,1171.049,2187.005,991.237,-2087.1330000000007,-1760.8669999999993,2160.585,-2191.4710000000005,3803.736,-7975.712000000001,1998.3200000000013,5299.598199999999,335.4377999999997
252,2002-06-18,3595.9805,-6658.0975,3174.913,1171.049,2187.005,991.237,-2087.1330000000007,-1760.8669999999993,2160.585,-2191.4710000000005,3803.736,-7975.712000000001,1998.3200000000013,5299.598199999999
253,2002-06-19,2363.659,-1232.3215,-6658.0975,3174.913,1171.049,2187.005,991.237,-2087.1330000000007,-1760.8669999999993,2160.585,-2191.4710000000005,3803.736,-7975.712000000001,1998.3200000000013
254,2002-06-02,1032.148,-1331.5110000000002,-1232.3215,-6658.0975,3174.913,1171.049,2187.005,991.237,-2087.1330000000007,-1760.8669999999993,2160.585,-2191.4710000000005,3803.736,-7975.712000000001
255,2002-06-20,4916.2696,3884.1216,-1331.5110000000002,-1232.3215,-6658.0975,3174.913,1171.049,2187.005,991.237,-2087.1330000000007,-1760.8669999999993,2160.585,-2191.4710000000005,3803.736
256,2002-06-21,5388.183,471.9134000000004,3884.1216,-1331.5110000000002,-1232.3215,-6658.0975,3174.913,1171.049,2187.005,991.237,-2087.1330000000007,-1760.8669999999993,2160.585,-2191.4710000000005
257,2002-06-22,4573.47,-814.7129999999997,471.9134000000004,3884.1216,-1331.5110000000002,-1232.3215,-6658.0975,3174.913,1171.049,2187.005,991.237,-2087.1330000000007,-1760.8669999999993,2160.585
258,2002-06-23,3421.548,-1151.9220000000005,-814.7129999999997,471.9134000000004,3884.1216,-1331.5110000000002,-1232.3215,-6658.0975,3174.913,1171.049,2187.005,991.237,-2087.1330000000007,-1760.8669999999993
259,2002-06-24,6499.908,3078.3600000000006,-1151.9220000000005,-814.7129999999997,471.9134000000004,3884.1216,-1331.5110000000002,-1232.3215,-6658.0975,3174.913,1171.049,2187.005,991.237,-2087.1330000000007
260,2002-06-25,4051.458,-2448.4500000000003,3078.3600000000006,-1151.9220000000005,-814.7129999999997,471.9134000000004,3884.1216,-1331.5110000000002,-1232.3215,-6658.0975,3174.913,1171.049,2187.005,991.237
261,2002-06-26,7735.932,3684.474,-2448.4500000000003,3078.3600000000006,-1151.9220000000005,-814.7129999999997,471.9134000000004,3884.1216,-1331.5110000000002,-1232.3215,-6658.0975,3174.913,1171.049,2187.005
262,2002-06-27,3039.752,-4696.18,3684.474,-2448.4500000000003,3078.3600000000006,-1151.9220000000005,-814.7129999999997,471.9134000000004,3884.1216,-1331.5110000000002,-1232.3215,-6658.0975,3174.913,1171.049
263,2002-06-28,3649.103,609.3510000000001,-4696.18,3684.474,-2448.4500000000003,3078.3600000000006,-1151.9220000000005,-814.7129999999997,471.9134000000004,3884.1216,-1331.5110000000002,-1232.3215,-6658.0975,3174.913
264,2002-06-29,5193.4772,1544.3742000000002,609.3510000000001,-4696.18,3684.474,-2448.4500000000003,3078.3600000000006,-1151.9220000000005,-814.7129999999997,471.9134000000004,3884.1216,-1331.5110000000002,-1232.3215,-6658.0975
265,2002-06-03,3483.196,-1710.2812000000004,1544.3742000000002,609.3510000000001,-4696.18,3684.474,-2448.4500000000003,3078.3600000000006,-1151.9220000000005,-814.7129999999997,471.9134000000004,3884.1216,-1331.5110000000002,-1232.3215
266,2002-06-30,6814.551,3331.3550000000005,-1710.2812000000004,1544.3742000000002,609.3510000000001,-4696.18,3684.474,-2448.4500000000003,3078.3600000000006,-1151.9220000000005,-814.7129999999997,471.9134000000004,3884.1216,-1331.5110000000002
267,2002-06-04,4244.519,-2570.032,3331.3550000000005,-1710.2812000000004,1544.3742000000002,609.3510000000001,-4696.18,3684.474,-2448.4500000000003,3078.3600000000006,-1151.9220000000005,-814.7129999999997,471.9134000000004,3884.1216
268,2002-06-05,2684.13,-1560.389,-2570.032,3331.3550000000005,-1710.2812000000004,1544.3742000000002,609.3510000000001,-4696.18,3684.474,-2448.4500000000003,3078.3600000000006,-1151.9220000000005,-814.7129999999997,471.9134000000004
269,2002-06-06,6882.703,4198.573,-1560.389,-2570.032,3331.3550000000005,-1710.2812000000004,1544.3742000000002,609.3510000000001,-4696.18,3684.474,-2448.4500000000003,3078.3600000000006,-1151.9220000000005,-814.7129999999997
270,2002-06-07,392.727,-6489.976000000001,4198.573,-1560.389,-2570.032,3331.3550000000005,-1710.2812000000004,1544.3742000000002,609.3510000000001,-4696.18,3684.474,-2448.4500000000003,3078.3600000000006,-1151.9220000000005
271,2002-06-08,4873.8060000000005,4481.079000000001,-6489.976000000001,4198.573,-1560.389,-2570.032,3331.3550000000005,-1710.2812000000004,1544.3742000000002,609.3510000000001,-4696.18,3684.474,-2448.4500000000003,3078.3600000000006
272,2002-06-09,8887.729,4013.922999999999,4481.079000000001,-6489.976000000001,4198.573,-1560.389,-2570.032,3331.3550000000005,-1710.2812000000004,1544.3742000000002,609.3510000000001,-4696.18,3684.474,-2448.4500000000003
273,2002-07-01,2965.23,-5922.499,4013.922999999999,4481.079000000001,-6489.976000000001,4198.573,-1560.389,-2570.032,3331.3550000000005,-1710.2812000000004,1544.3742000000002,609.3510000000001,-4696.18,3684.474
274,2002-07-10,1298.395,-1666.835,-5922.499,4013.922999999999,4481.079000000001,-6489.976000000001,4198.573,-1560.389,-2570.032,3331.3550000000005,-1710.2812000000004,1544.3742000000002,609.3510000000001,-4696.18
275,2002-07-11,5693.2,4394.805,-1666.835,-5922.499,4013.922999999999,4481.079000000001,-6489.976000000001,4198.573,-1560.389,-2570.032,3331.3550000000005,-1710.2812000000004,1544.3742000000002,609.3510000000001
276,2002-07-12,4112.155,-1581.045,4394.805,-1666.835,-5922.499,4013.922999999999,4481.079000000001,-6489.976000000001,4198.573,-1560.389,-2570.032,3331.3550000000005,-1710.2812000000004,1544.3742000000002
277,2002-07-13,2889.014,-1223.141,-1581.045,4394.805,-1666.835,-5922.499,4013.922999999999,4481.079000000001,-6489.976000000001,4198.573,-1560.389,-2570.032,3331.3550000000005,-1710.2812000000004
278,2002-07-14,6902.404,4013.39,-1223.141,-1581.045,4394.805,-1666.835,-5922.499,4013.922999999999,4481.079000000001,-6489.976000000001,4198.573,-1560.389,-2570.032,3331.3550000000005
279,2002-07-15,2521.939,-4380.465,4013.39,-1223.141,-1581.045,4394.805,-1666.835,-5922.499,4013.922999999999,4481.079000000001,-6489.976000000001,4198.573,-1560.389,-2570.032
280,2002-07-16,4013.84,1491.9010000000003,-4380.465,4013.39,-1223.141,-1581.045,4394.805,-1666.835,-5922.499,4013.922999999999,4481.079000000001,-6489.976000000001,4198.573,-1560.389
281,2002-07-17,4824.835,810.9949999999999,1491.9010000000003,-4380.465,4013.39,-1223.141,-1581.045,4394.805,-1666.835,-5922.499,4013.922999999999,4481.079000000001,-6489.976000000001,4198.573
282,2002-07-18,5797.412,972.5770000000002,810.9949999999999,1491.9010000000003,-4380.465,4013.39,-1223.141,-1581.045,4394.805,-1666.835,-5922.499,4013.922999999999,4481.079000000001,-6489.976000000001
283,2002-07-19,1999.805,-3797.607,972.5770000000002,810.9949999999999,1491.9010000000003,-4380.465,4013.39,-1223.141,-1581.045,4394.805,-1666.835,-5922.499,4013.922999999999,4481.079000000001
284,2002-07-02,2653.44,653.635,-3797.607,972.5770000000002,810.9949999999999,1491.9010000000003,-4380.465,4013.39,-1223.141,-1581.045,4394.805,-1666.835,-5922.499,4013.922999999999
285,2002-07-20,7352.112,4698.6720000000005,653.635,-3797.607,972.5770000000002,810.9949999999999,1491.9010000000003,-4380.465,4013.39,-1223.141,-1581.045,4394.805,-1666.835,-5922.499
286,2002-07-21,6636.409,-715.7030000000004,4698.6720000000005,653.635,-3797.607,972.5770000000002,810.9949999999999,1491.9010000000003,-4380.465,4013.39,-1223.141,-1581.045,4394.805,-1666.835
287,2002-07-22,3272.706,-3363.7029999999995,-715.7030000000004,4698.6720000000005,653.635,-3797.607,972.5770000000002,810.9949999999999,1491.9010000000003,-4380.465,4013.39,-1223.141,-1581.045,4394.805
288,2002-07-23,4374.231,1101.5249999999996,-3363.7029999999995,-715.7030000000004,4698.6720000000005,653.635,-3797.607,972.5770000000002,810.9949999999999,1491.9010000000003,-4380.465,4013.39,-1223.141,-1581.045
289,2002-07-24,3252.874,-1121.357,1101.5249999999996,-3363.7029999999995,-715.7030000000004,4698.6720000000005,653.635,-3797.607,972.5770000000002,810.9949999999999,1491.9010000000003,-4380.465,4013.39,-1223.141
290,2002-07-25,16514.364,13261.490000000002,-1121.357,1101.5249999999996,-3363.7029999999995,-715.7030000000004,4698.6720000000005,653.635,-3797.607,972.5770000000002,810.9949999999999,1491.9010000000003,-4380.465,4013.39
291,2002-07-26,8011.152999999999,-8503.211000000003,13261.490000000002,-1121.357,1101.5249999999996,-3363.7029999999995,-715.7030000000004,4698.6720000000005,653.635,-3797.607,972.5770000000002,810.9949999999999,1491.9010000000003,-4380.465
292,2002-07-27,1557.862,-6453.290999999999,-8503.211000000003,13261.490000000002,-1121.357,1101.5249999999996,-3363.7029999999995,-715.7030000000004,4698.6720000000005,653.635,-3797.607,972.5770000000002,810.9949999999999,1491.9010000000003
293,2002-07-28,3397.09,1839.2280000000003,-6453.290999999999,-8503.211000000003,13261.490000000002,-1121.357,1101.5249999999996,-3363.7029999999995,-715.7030000000004,4698.6720000000005,653.635,-3797.607,972.5770000000002,810.9949999999999
294,2002-07-29,2210.448,-1186.6420000000005,1839.2280000000003,-6453.290999999999,-8503.211000000003,13261.490000000002,-1121.357,1101.5249999999996,-3363.7029999999995,-715.7030000000004,4698.6720000000005,653.635,-3797.607,972.5770000000002
295,2002-07-03,8635.086,6424.637999999999,-1186.6420000000005,1839.2280000000003,-6453.290999999999,-8503.211000000003,13261.490000000002,-1121.357,1101.5249999999996,-3363.7029999999995,-715.7030000000004,4698.6720000000005,653.635,-3797.607
296,2002-07-30,4105.794,-4529.292,6424.637999999999,-1186.6420000000005,1839.2280000000003,-6453.290999999999,-8503.211000000003,13261.490000000002,-1121.357,1101.5249999999996,-3363.7029999999995,-715.7030000000004,4698.6720000000005,653.635
297,2002-07-31,7444.348,3338.554,-4529.292,6424.637999999999,-1186.6420000000005,1839.2280000000003,-6453.290999999999,-8503.211000000003,13261.490000000002,-1121.357,1101.5249999999996,-3363.7029999999995,-715.7030000000004,4698.6720000000005
298,2002-07-04,3036.997,-4407.351000000001,3338.554,-4529.292,6424.637999999999,-1186.6420000000005,1839.2280000000003,-6453.290999999999,-8503.211000000003,13261.490000000002,-1121.357,1101.5249999999996,-3363.7029999999995,-715.7030000000004
299,2002-07-05,2042.104,-994.8929999999998,-4407.351000000001,3338.554,-4529.292,6424.637999999999,-1186.6420000000005,1839.2280000000003,-6453.290999999999,-8503.211000000003,13261.490000000002,-1121.357,1101.5249999999996,-3363.7029999999995
300,2002-07-06,2798.662,756.5579999999998,-994.8929999999998,-4407.351000000001,3338.554,-4529.292,6424.637999999999,-1186.6420000000005,1839.2280000000003,-6453.290999999999,-8503.211000000003,13261.490000000002,-1121.357,1101.5249999999996
301,2002-07-07,5743.675,2945.0130000000004,756.5579999999998,-994.8929999999998,-4407.351000000001,3338.554,-4529.292,6424.637999999999,-1186.6420000000005,1839.2280000000003,-6453.290999999999,-8503.211000000003,13261.490000000002,-1121.357
302,2002-07-08,5380.97,-362.7049999999999,2945.0130000000004,756.5579999999998,-994.8929999999998,-4407.351000000001,3338.554,-4529.292,6424.637999999999,-1186.6420000000005,1839.2280000000003,-6453.290999999999,-8503.211000000003,13261.490000000002
303,2002-07-09,4097.135,-1283.835,-362.7049999999999,2945.0130000000004,756.5579999999998,-994.8929999999998,-4407.351000000001,3338.554,-4529.292,6424.637999999999,-1186.6420000000005,1839.2280000000003,-6453.290999999999,-8503.211000000003
304,2002-08-01,4450.322,353.1869999999999,-1283.835,-362.7049999999999,2945.0130000000004,756.5579999999998,-994.8929999999998,-4407.351000000001,3338.554,-4529.292,6424.637999999999,-1186.6420000000005,1839.2280000000003,-6453.290999999999
305,2002-08-10,2674.544,-1775.7780000000002,353.1869999999999,-1283.835,-362.7049999999999,2945.0130000000004,756.5579999999998,-994.8929999999998,-4407.351000000001,3338.554,-4529.292,6424.637999999999,-1186.6420000000005,1839.2280000000003
306,2002-08-11,1508.278,-1166.2659999999998,-1775.7780000000002,353.1869999999999,-1283.835,-362.7049999999999,2945.0130000000004,756.5579999999998,-994.8929999999998,-4407.351000000001,3338.554,-4529.292,6424.637999999999,-1186.6420000000005
307,2002-08-12,9190.7745,7682.496499999999,-1166.2659999999998,-1775.7780000000002,353.1869999999999,-1283.835,-362.7049999999999,2945.0130000000004,756.5579999999998,-994.8929999999998,-4407.351000000001,3338.554,-4529.292,6424.637999999999
308,2002-08-13,3961.584,-5229.1905,7682.496499999999,-1166.2659999999998,-1775.7780000000002,353.1869999999999,-1283.835,-362.7049999999999,2945.0130000000004,756.5579999999998,-994.8929999999998,-4407.351000000001,3338.554,-4529.292
309,2002-08-14,1364.424,-2597.16,-5229.1905,7682.496499999999,-1166.2659999999998,-1775.7780000000002,353.1869999999999,-1283.835,-362.7049999999999,2945.0130000000004,756.5579999999998,-994.8929999999998,-4407.351000000001,3338.554
310,2002-08-15,4465.228,3100.804,-2597.16,-5229.1905,7682.496499999999,-1166.2659999999998,-1775.7780000000002,353.1869999999999,-1283.835,-362.7049999999999,2945.0130000000004,756.5579999999998,-994.8929999999998,-4407.351000000001
311,2002-08-16,4517.128,51.89999999999964,3100.804,-2597.16,-5229.1905,7682.496499999999,-1166.2659999999998,-1775.7780000000002,353.1869999999999,-1283.835,-362.7049999999999,2945.0130000000004,756.5579999999998,-994.8929999999998
312,2002-08-17,10414.982,5897.854,51.89999999999964,3100.804,-2597.16,-5229.1905,7682.496499999999,-1166.2659999999998,-1775.7780000000002,353.1869999999999,-1283.835,-362.7049999999999,2945.0130000000004,756.5579999999998
313,2002-08-18,7574.598,-2840.384,5897.854,51.89999999999964,3100.804,-2597.16,-5229.1905,7682.496499999999,-1166.2659999999998,-1775.7780000000002,353.1869999999999,-1283.835,-362.7049999999999,2945.0130000000004
314,2002-08-19,2400.344,-5174.254,-2840.384,5897.854,51.89999999999964,3100.804,-2597.16,-5229.1905,7682.496499999999,-1166.2659999999998,-1775.7780000000002,353.1869999999999,-1283.835,-362.7049999999999
315,2002-08-02,2659.342,258.99800000000005,-5174.254,-2840.384,5897.854,51.89999999999964,3100.804,-2597.16,-5229.1905,7682.496499999999,-1166.2659999999998,-1775.7780000000002,353.1869999999999,-1283.835
316,2002-08-20,2546.452,-112.89000000000031,258.99800000000005,-5174.254,-2840.384,5897.854,51.89999999999964,3100.804,-2597.16,-5229.1905,7682.496499999999,-1166.2659999999998,-1775.7780000000002,353.1869999999999
317,2002-08-21,15337.172,12790.72,-112.89000000000031,258.99800000000005,-5174.254,-2840.384,5897.854,51.89999999999964,3100.804,-2597.16,-5229.1905,7682.496499999999,-1166.2659999999998,-1775.7780000000002
318,2002-08-22,1019.626,-14317.545999999998,12790.72,-112.89000000000031,258.99800000000005,-5174.254,-2840.384,5897.854,51.89999999999964,3100.804,-2597.16,-5229.1905,7682.496499999999,-1166.2659999999998
319,2002-08-23,10545.194,9525.568,-14317.545999999998,12790.72,-112.89000000000031,258.99800000000005,-5174.254,-2840.384,5897.854,51.89999999999964,3100.804,-2597.16,-5229.1905,7682.496499999999
320,2002-08-24,7939.571,-2605.623,9525.568,-14317.545999999998,12790.72,-112.89000000000031,258.99800000000005,-5174.254,-2840.384,5897.854,51.89999999999964,3100.804,-2597.16,-5229.1905
321,2002-08-25,1992.164,-5947.407,-2605.623,9525.568,-14317.545999999998,12790.72,-112.89000000000031,258.99800000000005,-5174.254,-2840.384,5897.854,51.89999999999964,3100.804,-2597.16
322,2002-08-26,5431.768,3439.6040000000003,-5947.407,-2605.623,9525.568,-14317.545999999998,12790.72,-112.89000000000031,258.99800000000005,-5174.254,-2840.384,5897.854,51.89999999999964,3100.804
323,2002-08-27,9668.553,4236.785,3439.6040000000003,-5947.407,-2605.623,9525.568,-14317.545999999998,12790.72,-112.89000000000031,258.99800000000005,-5174.254,-2840.384,5897.854,51.89999999999964
324,2002-08-28,8256.9498,-1411.6031999999996,4236.785,3439.6040000000003,-5947.407,-2605.623,9525.568,-14317.545999999998,12790.72,-112.89000000000031,258.99800000000005,-5174.254,-2840.384,5897.854
325,2002-08-29,1946.4785,-6310.4713,-1411.6031999999996,4236.785,3439.6040000000003,-5947.407,-2605.623,9525.568,-14317.545999999998,12790.72,-112.89000000000031,258.99800000000005,-5174.254,-2840.384
326,2002-08-03,1241.642,-704.8364999999999,-6310.4713,-1411.6031999999996,4236.785,3439.6040000000003,-5947.407,-2605.623,9525.568,-14317.545999999998,12790.72,-112.89000000000031,258.99800000000005,-5174.254
327,2002-08-30,1778.11,536.4680000000001,-704.8364999999999,-6310.4713,-1411.6031999999996,4236.785,3439.6040000000003,-5947.407,-2605.623,9525.568,-14317.545999999998,12790.72,-112.89000000000031,258.99800000000005
328,2002-08-31,5881.115,4103.004999999999,536.4680000000001,-704.8364999999999,-6310.4713,-1411.6031999999996,4236.785,3439.6040000000003,-5947.407,-2605.623,9525.568,-14317.545999999998,12790.72,-112.89000000000031
329,2002-08-04,3261.134,-2619.981,4103.004999999999,536.4680000000001,-704.8364999999999,-6310.4713,-1411.6031999999996,4236.785,3439.6040000000003,-5947.407,-2605.623,9525.568,-14317.545999999998,12790.72
330,2002-08-05,3182.1,-79.0340000000001,-2619.981,4103.004999999999,536.4680000000001,-704.8364999999999,-6310.4713,-1411.6031999999996,4236.785,3439.6040000000003,-5947.407,-2605.623,9525.568,-14317.545999999998
331,2002-08-06,2502.1732,-679.9267999999997,-79.0340000000001,-2619.981,4103.004999999999,536.4680000000001,-704.8364999999999,-6310.4713,-1411.6031999999996,4236.785,3439.6040000000003,-5947.407,-2605.623,9525.568
332,2002-08-07,4627.8,2125.6268,-679.9267999999997,-79.0340000000001,-2619.981,4103.004999999999,536.4680000000001,-704.8364999999999,-6310.4713,-1411.6031999999996,4236.785,3439.6040000000003,-5947.407,-2605.623
333,2002-08-08,5830.945,1203.1449999999995,2125.6268,-679.9267999999997,-79.0340000000001,-2619.981,4103.004999999999,536.4680000000001,-704.8364999999999,-6310.4713,-1411.6031999999996,4236.785,3439.6040000000003,-5947.407
334,2002-08-09,9145.431,3314.486000000001,1203.1449999999995,2125.6268,-679.9267999999997,-79.0340000000001,-2619.981,4103.004999999999,536.4680000000001,-704.8364999999999,-6310.4713,-1411.6031999999996,4236.785,3439.6040000000003
335,2002-09-01,8603.152,-542.2790000000005,3314.486000000001,1203.1449999999995,2125.6268,-679.9267999999997,-79.0340000000001,-2619.981,4103.004999999999,536.4680000000001,-704.8364999999999,-6310.4713,-1411.6031999999996,4236.785
336,2002-09-10,5365.278,-3237.874,-542.2790000000005,3314.486000000001,1203.1449999999995,2125.6268,-679.9267999999997,-79.0340000000001,-2619.981,4103.004999999999,536.4680000000001,-704.8364999999999,-6310.4713,-1411.6031999999996
337,2002-09-11,8492.098,3126.82,-3237.874,-542.2790000000005,3314.486000000001,1203.1449999999995,2125.6268,-679.9267999999997,-79.0340000000001,-2619.981,4103.004999999999,536.4680000000001,-704.8364999999999,-6310.4713
338,2002-09-12,7656.276,-835.8220000000001,3126.82,-3237.874,-542.2790000000005,3314.486000000001,1203.1449999999995,2125.6268,-679.9267999999997,-79.0340000000001,-2619.981,4103.004999999999,536.4680000000001,-704.8364999999999
339,2002-09-13,5759.558,-1896.718,-835.8220000000001,3126.82,-3237.874,-542.2790000000005,3314.486000000001,1203.1449999999995,2125.6268,-679.9267999999997,-79.0340000000001,-2619.981,4103.004999999999,536.4680000000001
340,2002-09-14,9423.474,3663.916,-1896.718,-835.8220000000001,3126.82,-3237.874,-542.2790000000005,3314.486000000001,1203.1449999999995,2125.6268,-679.9267999999997,-79.0340000000001,-2619.981,4103.004999999999
341,2002-09-15,4770.468,-4653.006,3663.916,-1896.718,-835.8220000000001,3126.82,-3237.874,-542.2790000000005,3314.486000000001,1203.1449999999995,2125.6268,-679.9267999999997,-79.0340000000001,-2619.981
342,2002-09-16,490.558,-4279.91,-4653.006,3663.916,-1896.718,-835.8220000000001,3126.82,-3237.874,-542.2790000000005,3314.486000000001,1203.1449999999995,2125.6268,-679.9267999999997,-79.0340000000001
343,2002-09-17,14388.655,13898.096999999998,-4279.91,-4653.006,3663.916,-1896.718,-835.8220000000001,3126.82,-3237.874,-542.2790000000005,3314.486000000001,1203.1449999999995,2125.6268,-679.9267999999997
344,2002-09-18,8675.402,-5713.252999999999,13898.096999999998,-4279.91,-4653.006,3663.916,-1896.718,-835.8220000000001,3126.82,-3237.874,-542.2790000000005,3314.486000000001,1203.1449999999995,2125.6268
345,2002-09-19,13678.329,5002.927,-5713.252999999999,13898.096999999998,-4279.91,-4653.006,3663.916,-1896.718,-835.8220000000001,3126.82,-3237.874,-542.2790000000005,3314.486000000001,1203.1449999999995
346,2002-09-02,10046.343,-3631.985999999999,5002.927,-5713.252999999999,13898.096999999998,-4279.91,-4653.006,3663.916,-1896.718,-835.8220000000001,3126.82,-3237.874,-542.2790000000005,3314.486000000001
347,2002-09-20,8404.024,-1642.319000000001,-3631.985999999999,5002.927,-5713.252999999999,13898.096999999998,-4279.91,-4653.006,3663.916,-1896.718,-835.8220000000001,3126.82,-3237.874,-542.2790000000005
348,2002-09-21,9661.71,1257.6859999999997,-1642.319000000001,-3631.985999999999,5002.927,-5713.252999999999,13898.096999999998,-4279.91,-4653.006,3663.916,-1896.718,-835.8220000000001,3126.82,-3237.874
349,2002-09-22,3441.832,-6219.877999999999,1257.6859999999997,-1642.319000000001,-3631.985999999999,5002.927,-5713.252999999999,13898.096999999998,-4279.91,-4653.006,3663.916,-1896.718,-835.8220000000001,3126.82
350,2002-09-23,11984.482,8542.65,-6219.877999999999,1257.6859999999997,-1642.319000000001,-3631.985999999999,5002.927,-5713.252999999999,13898.096999999998,-4279.91,-4653.006,3663.916,-1896.718,-835.8220000000001
351,2002-09-24,6678.624,-5305.858,8542.65,-6219.877999999999,1257.6859999999997,-1642.319000000001,-3631.985999999999,5002.927,-5713.252999999999,13898.096999999998,-4279.91,-4653.006,3663.916,-1896.718
352,2002-09-25,5772.6488,-905.9752,-5305.858,8542.65,-6219.877999999999,1257.6859999999997,-1642.319000000001,-3631.985999999999,5002.927,-5713.252999999999,13898.096999999998,-4279.91,-4653.006,3663.916
353,2002-09-26,7747.2295,1974.5807000000004,-905.9752,-5305.858,8542.65,-6219.877999999999,1257.6859999999997,-1642.319000000001,-3631.985999999999,5002.927,-5713.252999999999,13898.096999999998,-4279.91,-4653.006
354,2002-09-27,5149.3838000000005,-2597.8457,1974.5807000000004,-905.9752,-5305.858,8542.65,-6219.877999999999,1257.6859999999997,-1642.319000000001,-3631.985999999999,5002.927,-5713.252999999999,13898.096999999998,-4279.91
355,2002-09-28,1647.792,-3501.5918000000006,-2597.8457,1974.5807000000004,-905.9752,-5305.858,8542.65,-6219.877999999999,1257.6859999999997,-1642.319000000001,-3631.985999999999,5002.927,-5713.252999999999,13898.096999999998
356,2002-09-29,9380.622,7732.83,-3501.5918000000006,-2597.8457,1974.5807000000004,-905.9752,-5305.858,8542.65,-6219.877999999999,1257.6859999999997,-1642.319000000001,-3631.985999999999,5002.927,-5713.252999999999
357,2002-09-03,4262.574,-5118.048,7732.83,-3501.5918000000006,-2597.8457,1974.5807000000004,-905.9752,-5305.858,8542.65,-6219.877999999999,1257.6859999999997,-1642.319000000001,-3631.985999999999,5002.927
358,2002-09-30,1513.4160000000002,-2749.1579999999994,-5118.048,7732.83,-3501.5918000000006,-2597.8457,1974.5807000000004,-905.9752,-5305.858,8542.65,-6219.877999999999,1257.6859999999997,-1642.319000000001,-3631.985999999999
359,2002-09-04,2779.096,1265.6799999999998,-2749.1579999999994,-5118.048,7732.83,-3501.5918000000006,-2597.8457,1974.5807000000004,-905.9752,-5305.858,8542.65,-6219.877999999999,1257.6859999999997,-1642.319000000001
360,2002-09-05,6456.755,3677.659,1265.6799999999998,-2749.1579999999994,-5118.048,7732.83,-3501.5918000000006,-2597.8457,1974.5807000000004,-905.9752,-5305.858,8542.65,-6219.877999999999,1257.6859999999997
361,2002-09-06,2333.57,-4123.185,3677.659,1265.6799999999998,-2749.1579999999994,-5118.048,7732.83,-3501.5918000000006,-2597.8457,1974.5807000000004,-905.9752,-5305.858,8542.65,-6219.877999999999
362,2002-09-07,6446.542,4112.972,-4123.185,3677.659,1265.6799999999998,-2749.1579999999994,-5118.048,7732.83,-3501.5918000000006,-2597.8457,1974.5807000000004,-905.9752,-5305.858,8542.65
363,2002-09-08,18812.0516,12365.509599999998,4112.972,-4123.185,3677.659,1265.6799999999998,-2749.1579999999994,-5118.048,7732.83,-3501.5918000000006,-2597.8457,1974.5807000000004,-905.9752,-5305.858
364,2002-09-09,4128.58,-14683.4716,12365.509599999998,4112.972,-4123.185,3677.659,1265.6799999999998,-2749.1579999999994,-5118.048,7732.83,-3501.5918000000006,-2597.8457,1974.5807000000004,-905.9752
